INSERT INTO appointments (date, time, description) 
VALUES	('2024-11-14', '10:00 AM', 'Doctor appointment'),
		('2024-11-15', '1:00 PM', 'Dentist appointment'),
		('2024-11-16', '9:00 AM', 'Eye check-up'),
		('2024-11-17', '3:00 PM', 'Routine check-up'),
		('2024-11-18', '11:00 AM', 'Vaccination'),
		('2024-11-19', '2:00 PM', 'Physical therapy'),
		('2024-11-20', '10:30 AM', 'Consultation'),
		('2024-11-21', '8:30 AM', 'Follow-up appointment'),
		('2024-11-22', '12:00 PM', 'Chiropractor visit'),
		('2024-11-23', '4:00 PM', 'Health screening'),

INSERT INTO medications (name, dosage, frequency, start_date) 
VALUES	('Aspirin', '500mg', 'Daily', '2024-11-14'),
		('Vitamin D', '1000 IU', 'Weekly', '2024-11-15'),
		('Ibuprofen', '200mg', 'As needed', '2024-11-16'),
		('Antibiotics', '250mg', 'Twice daily', '2024-11-17'),
		('Metformin', '500mg', 'Daily', '2024-11-18'),
		('Lisinopril', '10mg', 'Once daily', '2024-11-19'),
		('Cetirizine', '10mg', 'As needed', '2024-11-20'),
		('Zinc', '25mg', 'Daily', '2024-11-21'),
		('Omeprazole', '20mg', 'Daily', '2024-11-22'),
		('Loratadine', '10mg', 'As needed', '2024-11-23');


INSERT INTO health_logs (date,  notes) 
VALUES	('2024-11-14', 'Feeling great'),
		('2024-11-15', 'Took some painkillers'),
		('2024-11-16', 'Resting at home'),
		('2024-11-17', 'Back to normal'),
		('2024-11-18', 'Full recovery'),
		('2024-11-19', 'Taking medication'),
		('2024-11-20', 'Feeling fine'),
		('2024-11-21', 'All well'),
		('2024-11-22', 'Feeling better'),
		('2024-11-23', 'Still recovering');
